"CID","CanonicalSMILES","MolecularFormula","Fingerprint2D"
459803,"C1=CC2=C(C3=C(C=C2)C(=O)C(=CN3)C(=O)O)N=C1","C13H8N2O3","AAADccBzMAAAAAAAAAAAAAAAAAAAAAAAAAA8QIAAAAAAAACx8AAAHgAQCAAADAzBngQ8yPLIEgCoA7T3TACCgCA1EiAI2KE4dNgIZP7IlZGUYYhkoADI2cec2eOeQAAAQAACACCAAACAAAQAQAAAAAAAAA=="
91899426,"C(C(C1=C(C(=C(O1)O)OP(=O)([O-])[O-])[O-])O)O","C6H6O9P-3","AAADcYBgPAIAAAAAAAAAAAAAAAAAASAAAAAAAAAAAAAAAAABgAAAGgAACCAACBSgkAIADoAAB1CIQIDQCIICCAAkIAAAiAFEiMgdNzaGNBqCWWOl4BUPuQfKbARAAAAAAAAAAAAAAAAAAAAAAAAAAAAAAA=="
286003,"CC1(OC2C(O1)C(OC2C(=O)O)N3C=NC4=C(N=CN=C43)N)C","C13H15N5O5","AAADccBzuAAAAAAAAAAAAAAAAAAAAWJEgAAsAAAAAAASAFgB+AAAHgAQCAAACBzhlwYH+L9MFgCoAQbxbAKAgC0REKABUCFoVBCTSBZAyEQ/RAgPIALXACD6NQIAAAAAAAAAAAAAAAAAAAAAAAAAAAAAAA=="
47289,"CN(CCCC(=O)C1=CN=CC=C1)N=O","C10H13N3O2","AAADccBzMAAAAAAAAAAAAAAAAAAAAAAAAAAsAAAAAAAAAAABgAAAHgAMAAAADATBmgQ+gJIIEACpArB3RACCgCA1AiAY2CE4ZNgIIPrAlZGEIYhggADIycccgYAOAAAAAAAAAAAAAAAAAAAAAAAAAAAAAA=="
451668,"C1C(C(OC1N2C=NC(=NC2=O)N)CO)O","C8H12N4O4","AAADccBzuAAAAAAAAAAAAAAAAAAAASAAAAAgAAAAAAAAAAAAAAAAHgAQCAAACBThgAYBAANABgAoAAABNAAAAAEAAAABAAAIAACBEAIAiAAOQAAHBgIDAACwMAIAAAAAAAAAAAAAAAAAAAAAAAAAAAAAAA=="
16218924,"CC1=NC(=CC=C1)C2=NN(C=C2C3=CC=NC4=CC=CC=C34)C(=S)NC5=CC=CC=C5","C25H19N5S","AAADceB7gABAAAAAAAAAAAAAAAAAAWAAAAA8eIEAAAAAAACx/gAAHAQYAAAADAjBHgQ/wPLIEACmAzRnRACShCAxgikc2CA4ZJiIYOLA0dGUpAh4mALIyCcQgMAOgAAAAAACAAAAAAAAAAQAAAAAAAAAAA=="
60961,"C1=NC(=C2C(=N1)N(C=N2)C3C(C(C(O3)CO)O)O)N","C10H13N5O4","AAADccBzuAAAAAAAAAAAAAAAAAAAAWJAAAAsAAAAAAAAAFgB+AAAHgAQCAAACBzhlwYF8L9MFgCgAQZhZACAgC0REKABUCAoVBCDWAJAyEAeRAgPAALTACDwMAIAAAAAAAAAAAAAAAAAAAAAAAAAAAAAAA=="
2051,"COC1=C(C=C2C(=C1)C(=NC=N2)NC3=CC(=CC=C3)Cl)OC","C16H14ClN3O2","AAADccB7MAAEAAAAAAAAAAAAAAAAAAAAAAA8YIAAAAAAAACx9AAAHgIQAAAADA6BniY39vbIFACgAyZjZACCiCkxJ6AJ2CA+7piNLuLF+9uENCpu0BvK6Cew0BMOIEABAgICQABAgAIEBASAAAAAAAAAAA=="
2126,"CC1(CCC(C2=C1C=CC(=C2)C(=O)NC3=CC=C(C=C3)C(=O)O)(C)C)C","C22H25NO3","AAADceB6MAAAAAAAAAAAAAAAAAAAAAAAAAAwYMAAAAAAAADBQAAAHgAQCAAADgiBmAAyyILAAgCIAiXSWACCAAAlAgAIiAEAbMgIJjLAlZGEcQhk1AHI2YeY2eOfyAACAAAQAACQAAQAACAAAAAAAAAAAA=="
9810212,"C1=CC=C2C(=C1)C(=O)OC23C4=CC(=C(C(=C4OC5=C(C(=C(C=C35)Br)[O-])Br)Br)[O-])Br.[Na+].[Na+]","C20H6Br4Na2O5","AAADcYB4ODAAHAAAAAAAAAAAAAAAASAAAAA0YMEAAAAAAEiRUAAAGgBAAAABrESAmAAwDoAABACIAiDSCAACCAAkIAQIiAEECOgMJzKENRqCOSClwBUIq5eK6PyOoBAAGAA4BABAIAAwAHAIAAAAAAAAAA=="
135400486,"C1=CC=C2C(=C1)C=CC(=C2C=NNC(=O)C3=CC=NC=C3)O","C17H13N3O2","AAADccB7MAAAAAAAAAAAAAAAAAAAAAAAAAA8YIAAAAAAAADB1AAAHgAYCAAADATBmgQ8htJqEgCoAjF3VACSgCA1IiAa2CE+bNgIJnLClZOEcQhkyBHI2YeUwPAOoAADAAAYAABAAAYAADAAAAAAAAAAAA=="
25099184,"CC1=CC(=NN1)NC2=C(C=C(C(=N2)NC(C)C3=CC=C(C=C3)F)C#N)F","C18H16F2N6","AAADceB7gYAAAAAAAAAAAAAAAAAAAWAAAAA8QAAAAAAAAAAB8AAAHQAYAAAADCjBHgwzsJLrEACyByZiZACyhCshAiAduaA4ZJiIoOLA2dGEpAh4mALIyC8QgIAOAAAAAAAAAAAAAAAAAAAAAAAAAAAAAA=="
2303,"CC1=C(C(C(=C(N1)C)[N+](=O)[O-])C2=CC=CC=C2C(F)(F)F)C(=O)OC","C16H15F3N2O4","AAADccB7OYAAAAAAAAAAAAAAAAAAAAAAAAAwQAAAAAAAAAABAAAAHwAUAAAADQiBmBIyCILQRACJAiTSSwACAAAgAAAoiAEAAMgIJDKAsRGAMAAkkACIqUe8yPCOgAAAAAAQAAAAAAAAACAAAAAAAAAAAA=="
82146,"CC1=CC2=C(C=C1C(=C)C3=CC=C(C=C3)C(=O)O)C(CCC2(C)C)(C)C","C24H28O2","AAADceB4MAAAAAAAAAAAAAAAAAAAAAAAAAAwYMAAAAAAAADBQAAAGgAACAAADgCAmAAyCIAAAgCIAiDSCAACAAAkAAAIiAEACMgIJjKAFRCAcQAkwAEImYeIyPCPwAACAAAQAACAAAQAACAAAAAAAAAAAA=="
448949,"C1=CC=C2C(=C1)C(=C(N2)C3=C(NC4=C3C=CC(=C4)Br)O)N=O","C16H10BrN3O2","AAADccB7MAAAEAAAAAAAAAAAAAAAAWLAAAAwYAAAAAAAAFgB/gAAHgBUCAABrAiBngAwxPLZkgChAyRiRgCCgCAhMiQImSA0fL8IZuLC0dOUdAhm0JHI2hewwPAOggAAAAECAAAEAAAAAgQAAAAAAAAAAA=="
25150857,"CN1CCCN(CC1)C2=NC3=CC(=C(C=C3C(=N2)NC4CCN(CC4)CC5=CC=CC=C5)OC)OC","C28H38N6O2","AAADcfB7sAAAAAAAAAAAAAAAAAAAAAAAAAA8eIEABYAAAACx9AAAHgAQAAAADCzBngYz9vfIFACgAyZiZACCiCkhIqAJmKA+7JiNbqLE+duUNCpu0BvK6Cew0BMOIEABAgACQABAgAIEAASAAAAAAAAAAA=="
53789347,"CCC1=C(N(N=N1)CC)SCC2=C(N3C(C(C3=O)NC(=O)CS(=O)C4=CC=CS4)SC2)C(=O)O","C20H23N5O5S4","AAADceB7uABwAAAAAAAAAAAAAABYAWJAAAAgAAAAAAAQAAAB4AAAHgQYCAAADCjF1gSyiZPIAgquAyXyXEBDFYRhmBBY2J24UMgKZAhggSAUEAAAFgDwUQAAAAAAAAAAAAAAAAAAAAAAAAAAAAAAAAAAAA=="
1080352,"C1=CC=C(C=C1)CCNC2=C3C4=CC=CC=C4C(=O)C5=C3C(=CC=C5)NC2=O","C24H18N2O2","AAADceB7MAAAAAAAAAAAAAAAAAAAAAAAAAAwYMGCAAAAAADBUAAAHgAQAAAADAzBmAQwwILAAACIAqVSUACCAAAlAgAIiIGIZMgIYDLAlbGUIQhglADIyYcciMCOgAAAQAASAACAAASAACQAAAAAAAAAAA=="
23891512,"CCOC(=O)C1=CC=C(C=C1)NC(=O)OC2C(OC(C(C2OC(=O)NC3=CC4=C(C=C3)OCO4)OC(=O)NC5=CC6=C(C=C5)OCO6)OC)CO","C33H33N3O15","AAADcfB/PAAAAAAAAAAAAAAAAAAAASJAAAA0YMEAAAAAAEgBUAAAHgAQCAAADByxmAMyzoLABgCIAiTSWACCCAAlIgAIiAEG7MkdNjLEtZuucSpn1BlP6Yf4+S+eCEAAAgAAQAAQgAAEAACAAAAAAAAAAA=="
9687,"CCCC(=O)NC1=C2C(=NC=N1)N(C=N2)C3C(C4C(O3)COP(=O)(O4)O)OC(=O)CCC","C18H24N5O8P","AAADceB7vAIAAAAAAAAAAAAAAAAAAWJAAAAsSAAAAAAAAFgB+AAAHgAQCCAACBzhlwYH+L/MFRCoQQfxfICAgC0REKABUCEoVBCDSBJAyEAfBAgPFQLSACDwMAIAAAAAAAAAAAAAAAAAAAAAAAAAAAAAAA=="
264,"CCCC(=O)O","C4H8O2","AAADccBgMAAAAAAAAAAAAAAAAAAAAAAAAAAAAAAAAAAAAAAAAAAAGgAACAAACACAgAACCAAAAgAIAACQCAAAAAAAAAAAAAEAAAAAABAAAAAAQAAEAAAAAAAAAAAAAAAAAAAAAAAAAAAAAAAAAAAAAAAAAA=="
512282,"CC1CN(CCN1C(=O)COC2=C(C=C(C=C2)Cl)NC(=O)N)CC3=CC=C(C=C3)F","C21H24ClFN4O3","AAADceB7sQAEAAAAAAAAAAAAAAAAAAAAAAA8YIAAAAAAAAABQAAAHwIQAAAADC7hmC4zxoPABACIAiVSUAKCCAAhJwAIiABPboiOZiLFs5+XOCjk1hPY6CeQwAAOACAAAAIAEAAAQAAABAAgAAAAAAAAAA=="
5943,"C(Cl)(Cl)(Cl)Cl","CCl4","AAADcQAAAAAHAAAAAAAAAAAAAAAAAAAAAAAAAAAAAAAAAAAAAAAAAAIAAAAAAAAAAIAAAAAAAAAAAAAAAAAAAAAAAAAAAAAAAAAAAAAAAAAAAAAAAAAAAAAAAAAAAAAAAAAAAAAAAAAAAAAAAAAAAAAAAA=="
11345983,"COC1=CC=C(C=C1)NC2=NC=CC(=N2)NCCO","C13H16N4O2","AAADceBzsAAAAAAAAAAAAAAAAAAAAAAAAAA8QAAAAAAAAAABwAAAHgAQCAAACAzhkgY/9pbIFgCgADZnZACCiCkxIqAJ2KA+bJiOPqLE+duENChs0BPY6CewQAAAAEAAAAAAAAAAgAAAAAAAAAAAAAAAAA=="
2662,"CC1=CC=C(C=C1)C2=CC(=NN2C3=CC=C(C=C3)S(=O)(=O)N)C(F)(F)F","C17H14F3N3O2S","AAADccB7MYBAAAAAAAAAAAAAAAAAAWAAAAAwYAAAAAAAAAAB0AAAHQQYQAAADAiBXhAywZIIAAKiAyRiRHDSBDAhAgAYmDgwZJgIIOLA0dGEpAhgiADIyAcQgMAOQAQAAAAAAACACAAAAAAAAAAAAAAAAA=="
